<?xml version="1.0" encoding="UTF-8"?>
<metadata xml:lang="nl"><Esri><CreaDate>20140212</CreaDate><CreaTime>13333100</CreaTime><ArcGISFormat>1.0</ArcGISFormat><SyncOnce>FALSE</SyncOnce><DataProperties><itemProps><itemName Sync="TRUE">gem_2013_v1</itemName><imsContentType Sync="TRUE">002</imsContentType><itemSize Sync="TRUE">0.000</itemSize><itemLocation><linkage Sync="TRUE">file://\\W8FKAA0009P\D$\Buurtkaart\publicatie feb 2014\Buurt_2013\shape2013 versie1.0\gem_2013_v1.shp</linkage><protocol Sync="TRUE">Local Area Network</protocol></itemLocation></itemProps><lineage><Process ToolSource="c:\program files (x86)\arcgis\desktop10.1\ArcToolbox\Toolboxes\Data Management Tools.tbx\Merge" Date="20140212" Time="133332">Merge 'D:\Buurtkaart\publicatie feb 2014\Buurt_2013\shape2013 versie1.0\gem_2013_v1zw.shp';'D:\Buurtkaart\publicatie feb 2014\Buurt_2013\shape2013 versie1.0\gem_2013_v1water.shp' "D:\Buurtkaart\publicatie feb 2014\Buurt_2013\shape2013 versie1.0\gem_2013_v1.shp" "GM_CODE "GM_CODE" true true false 6 Text 0 0 ,First,#,D:\Buurtkaart\publicatie feb 2014\Buurt_2013\shape2013 versie1.0\gem_2013_v1zw.shp,GM_CODE,-1,-1,D:\Buurtkaart\publicatie feb 2014\Buurt_2013\shape2013 versie1.0\gem_2013_v1water.shp,GM_CODE,-1,-1;GM_NAAM "GM_NAAM" true true false 60 Text 0 0 ,First,#,D:\Buurtkaart\publicatie feb 2014\Buurt_2013\shape2013 versie1.0\gem_2013_v1zw.shp,GM_NAAM,-1,-1,D:\Buurtkaart\publicatie feb 2014\Buurt_2013\shape2013 versie1.0\gem_2013_v1water.shp,GM_NAAM,-1,-1;WATER "WATER" true true false 4 Text 0 0 ,First,#,D:\Buurtkaart\publicatie feb 2014\Buurt_2013\shape2013 versie1.0\gem_2013_v1zw.shp,WATER,-1,-1,D:\Buurtkaart\publicatie feb 2014\Buurt_2013\shape2013 versie1.0\gem_2013_v1water.shp,WATER,-1,-1;AANT_INW "AANT_INW" true true false 10 Double 0 10 ,First,#,D:\Buurtkaart\publicatie feb 2014\Buurt_2013\shape2013 versie1.0\gem_2013_v1zw.shp,AANT_INW,-1,-1,D:\Buurtkaart\publicatie feb 2014\Buurt_2013\shape2013 versie1.0\gem_2013_v1water.shp,AANT_INW,-1,-1;AANT_MAN "AANT_MAN" true true false 10 Double 0 10 ,First,#,D:\Buurtkaart\publicatie feb 2014\Buurt_2013\shape2013 versie1.0\gem_2013_v1zw.shp,AANT_MAN,-1,-1,D:\Buurtkaart\publicatie feb 2014\Buurt_2013\shape2013 versie1.0\gem_2013_v1water.shp,AANT_MAN,-1,-1;AANT_VROUW "AANT_VROUW" true true false 10 Double 0 10 ,First,#,D:\Buurtkaart\publicatie feb 2014\Buurt_2013\shape2013 versie1.0\gem_2013_v1zw.shp,AANT_VROUW,-1,-1,D:\Buurtkaart\publicatie feb 2014\Buurt_2013\shape2013 versie1.0\gem_2013_v1water.shp,AANT_VROUW,-1,-1;P_00_14_JR "P_00_14_JR" true true false 10 Double 0 10 ,First,#,D:\Buurtkaart\publicatie feb 2014\Buurt_2013\shape2013 versie1.0\gem_2013_v1zw.shp,P_00_14_JR,-1,-1,D:\Buurtkaart\publicatie feb 2014\Buurt_2013\shape2013 versie1.0\gem_2013_v1water.shp,P_00_14_JR,-1,-1;P_15_24_JR "P_15_24_JR" true true false 10 Double 0 10 ,First,#,D:\Buurtkaart\publicatie feb 2014\Buurt_2013\shape2013 versie1.0\gem_2013_v1zw.shp,P_15_24_JR,-1,-1,D:\Buurtkaart\publicatie feb 2014\Buurt_2013\shape2013 versie1.0\gem_2013_v1water.shp,P_15_24_JR,-1,-1;P_25_44_JR "P_25_44_JR" true true false 10 Double 0 10 ,First,#,D:\Buurtkaart\publicatie feb 2014\Buurt_2013\shape2013 versie1.0\gem_2013_v1zw.shp,P_25_44_JR,-1,-1,D:\Buurtkaart\publicatie feb 2014\Buurt_2013\shape2013 versie1.0\gem_2013_v1water.shp,P_25_44_JR,-1,-1;P_45_64_JR "P_45_64_JR" true true false 10 Double 0 10 ,First,#,D:\Buurtkaart\publicatie feb 2014\Buurt_2013\shape2013 versie1.0\gem_2013_v1zw.shp,P_45_64_JR,-1,-1,D:\Buurtkaart\publicatie feb 2014\Buurt_2013\shape2013 versie1.0\gem_2013_v1water.shp,P_45_64_JR,-1,-1;P_65_EO_JR "P_65_EO_JR" true true false 10 Double 0 10 ,First,#,D:\Buurtkaart\publicatie feb 2014\Buurt_2013\shape2013 versie1.0\gem_2013_v1zw.shp,P_65_EO_JR,-1,-1,D:\Buurtkaart\publicatie feb 2014\Buurt_2013\shape2013 versie1.0\gem_2013_v1water.shp,P_65_EO_JR,-1,-1;P_ONGEHUWD "P_ONGEHUWD" true true false 10 Double 0 10 ,First,#,D:\Buurtkaart\publicatie feb 2014\Buurt_2013\shape2013 versie1.0\gem_2013_v1zw.shp,P_ONGEHUWD,-1,-1,D:\Buurtkaart\publicatie feb 2014\Buurt_2013\shape2013 versie1.0\gem_2013_v1water.shp,P_ONGEHUWD,-1,-1;P_GEHUWD "P_GEHUWD" true true false 10 Double 0 10 ,First,#,D:\Buurtkaart\publicatie feb 2014\Buurt_2013\shape2013 versie1.0\gem_2013_v1zw.shp,P_GEHUWD,-1,-1,D:\Buurtkaart\publicatie feb 2014\Buurt_2013\shape2013 versie1.0\gem_2013_v1water.shp,P_GEHUWD,-1,-1;P_GESCHEID "P_GESCHEID" true true false 10 Double 0 10 ,First,#,D:\Buurtkaart\publicatie feb 2014\Buurt_2013\shape2013 versie1.0\gem_2013_v1zw.shp,P_GESCHEID,-1,-1,D:\Buurtkaart\publicatie feb 2014\Buurt_2013\shape2013 versie1.0\gem_2013_v1water.shp,P_GESCHEID,-1,-1;P_VERWEDUW "P_VERWEDUW" true true false 10 Double 0 10 ,First,#,D:\Buurtkaart\publicatie feb 2014\Buurt_2013\shape2013 versie1.0\gem_2013_v1zw.shp,P_VERWEDUW,-1,-1,D:\Buurtkaart\publicatie feb 2014\Buurt_2013\shape2013 versie1.0\gem_2013_v1water.shp,P_VERWEDUW,-1,-1;BEV_DICHTH "BEV_DICHTH" true true false 10 Double 0 10 ,First,#,D:\Buurtkaart\publicatie feb 2014\Buurt_2013\shape2013 versie1.0\gem_2013_v1zw.shp,BEV_DICHTH,-1,-1,D:\Buurtkaart\publicatie feb 2014\Buurt_2013\shape2013 versie1.0\gem_2013_v1water.shp,BEV_DICHTH,-1,-1;AANTAL_HH "AANTAL_HH" true true false 10 Double 0 10 ,First,#,D:\Buurtkaart\publicatie feb 2014\Buurt_2013\shape2013 versie1.0\gem_2013_v1zw.shp,AANTAL_HH,-1,-1,D:\Buurtkaart\publicatie feb 2014\Buurt_2013\shape2013 versie1.0\gem_2013_v1water.shp,AANTAL_HH,-1,-1;P_EENP_HH "P_EENP_HH" true true false 10 Double 0 10 ,First,#,D:\Buurtkaart\publicatie feb 2014\Buurt_2013\shape2013 versie1.0\gem_2013_v1zw.shp,P_EENP_HH,-1,-1,D:\Buurtkaart\publicatie feb 2014\Buurt_2013\shape2013 versie1.0\gem_2013_v1water.shp,P_EENP_HH,-1,-1;P_HH_Z_K "P_HH_Z_K" true true false 10 Double 0 10 ,First,#,D:\Buurtkaart\publicatie feb 2014\Buurt_2013\shape2013 versie1.0\gem_2013_v1zw.shp,P_HH_Z_K,-1,-1,D:\Buurtkaart\publicatie feb 2014\Buurt_2013\shape2013 versie1.0\gem_2013_v1water.shp,P_HH_Z_K,-1,-1;P_HH_M_K "P_HH_M_K" true true false 10 Double 0 10 ,First,#,D:\Buurtkaart\publicatie feb 2014\Buurt_2013\shape2013 versie1.0\gem_2013_v1zw.shp,P_HH_M_K,-1,-1,D:\Buurtkaart\publicatie feb 2014\Buurt_2013\shape2013 versie1.0\gem_2013_v1water.shp,P_HH_M_K,-1,-1;GEM_HH_GR "GEM_HH_GR" true true false 11 Double 1 10 ,First,#,D:\Buurtkaart\publicatie feb 2014\Buurt_2013\shape2013 versie1.0\gem_2013_v1zw.shp,GEM_HH_GR,-1,-1,D:\Buurtkaart\publicatie feb 2014\Buurt_2013\shape2013 versie1.0\gem_2013_v1water.shp,GEM_HH_GR,-1,-1;P_WEST_AL "P_WEST_AL" true true false 10 Double 0 10 ,First,#,D:\Buurtkaart\publicatie feb 2014\Buurt_2013\shape2013 versie1.0\gem_2013_v1zw.shp,P_WEST_AL,-1,-1,D:\Buurtkaart\publicatie feb 2014\Buurt_2013\shape2013 versie1.0\gem_2013_v1water.shp,P_WEST_AL,-1,-1;P_N_W_AL "P_N_W_AL" true true false 10 Double 0 10 ,First,#,D:\Buurtkaart\publicatie feb 2014\Buurt_2013\shape2013 versie1.0\gem_2013_v1zw.shp,P_N_W_AL,-1,-1,D:\Buurtkaart\publicatie feb 2014\Buurt_2013\shape2013 versie1.0\gem_2013_v1water.shp,P_N_W_AL,-1,-1;P_MAROKKO "P_MAROKKO" true true false 10 Double 0 10 ,First,#,D:\Buurtkaart\publicatie feb 2014\Buurt_2013\shape2013 versie1.0\gem_2013_v1zw.shp,P_MAROKKO,-1,-1,D:\Buurtkaart\publicatie feb 2014\Buurt_2013\shape2013 versie1.0\gem_2013_v1water.shp,P_MAROKKO,-1,-1;P_ANT_ARU "P_ANT_ARU" true true false 10 Double 0 10 ,First,#,D:\Buurtkaart\publicatie feb 2014\Buurt_2013\shape2013 versie1.0\gem_2013_v1zw.shp,P_ANT_ARU,-1,-1,D:\Buurtkaart\publicatie feb 2014\Buurt_2013\shape2013 versie1.0\gem_2013_v1water.shp,P_ANT_ARU,-1,-1;P_SURINAM "P_SURINAM" true true false 10 Double 0 10 ,First,#,D:\Buurtkaart\publicatie feb 2014\Buurt_2013\shape2013 versie1.0\gem_2013_v1zw.shp,P_SURINAM,-1,-1,D:\Buurtkaart\publicatie feb 2014\Buurt_2013\shape2013 versie1.0\gem_2013_v1water.shp,P_SURINAM,-1,-1;P_TURKIJE "P_TURKIJE" true true false 10 Double 0 10 ,First,#,D:\Buurtkaart\publicatie feb 2014\Buurt_2013\shape2013 versie1.0\gem_2013_v1zw.shp,P_TURKIJE,-1,-1,D:\Buurtkaart\publicatie feb 2014\Buurt_2013\shape2013 versie1.0\gem_2013_v1water.shp,P_TURKIJE,-1,-1;P_OVER_NW "P_OVER_NW" true true false 10 Double 0 10 ,First,#,D:\Buurtkaart\publicatie feb 2014\Buurt_2013\shape2013 versie1.0\gem_2013_v1zw.shp,P_OVER_NW,-1,-1,D:\Buurtkaart\publicatie feb 2014\Buurt_2013\shape2013 versie1.0\gem_2013_v1water.shp,P_OVER_NW,-1,-1;AUTO_TOT "AUTO_TOT" true true false 10 Double 0 10 ,First,#,D:\Buurtkaart\publicatie feb 2014\Buurt_2013\shape2013 versie1.0\gem_2013_v1zw.shp,AUTO_TOT,-1,-1,D:\Buurtkaart\publicatie feb 2014\Buurt_2013\shape2013 versie1.0\gem_2013_v1water.shp,AUTO_TOT,-1,-1;AUTO_HH "AUTO_HH" true true false 11 Double 1 10 ,First,#,D:\Buurtkaart\publicatie feb 2014\Buurt_2013\shape2013 versie1.0\gem_2013_v1zw.shp,AUTO_HH,-1,-1,D:\Buurtkaart\publicatie feb 2014\Buurt_2013\shape2013 versie1.0\gem_2013_v1water.shp,AUTO_HH,-1,-1;AUTO_LAND "AUTO_LAND" true true false 10 Double 0 10 ,First,#,D:\Buurtkaart\publicatie feb 2014\Buurt_2013\shape2013 versie1.0\gem_2013_v1zw.shp,AUTO_LAND,-1,-1,D:\Buurtkaart\publicatie feb 2014\Buurt_2013\shape2013 versie1.0\gem_2013_v1water.shp,AUTO_LAND,-1,-1;BEDR_AUTO "BEDR_AUTO" true true false 10 Double 0 10 ,First,#,D:\Buurtkaart\publicatie feb 2014\Buurt_2013\shape2013 versie1.0\gem_2013_v1zw.shp,BEDR_AUTO,-1,-1,D:\Buurtkaart\publicatie feb 2014\Buurt_2013\shape2013 versie1.0\gem_2013_v1water.shp,BEDR_AUTO,-1,-1;MOTOR_2W "MOTOR_2W" true true false 10 Double 0 10 ,First,#,D:\Buurtkaart\publicatie feb 2014\Buurt_2013\shape2013 versie1.0\gem_2013_v1zw.shp,MOTOR_2W,-1,-1,D:\Buurtkaart\publicatie feb 2014\Buurt_2013\shape2013 versie1.0\gem_2013_v1water.shp,MOTOR_2W,-1,-1;A_BST_B "A_BST_B" true true false 10 Double 0 10 ,First,#,D:\Buurtkaart\publicatie feb 2014\Buurt_2013\shape2013 versie1.0\gem_2013_v1zw.shp,A_BST_B,-1,-1,D:\Buurtkaart\publicatie feb 2014\Buurt_2013\shape2013 versie1.0\gem_2013_v1water.shp,A_BST_B,-1,-1;A_BST_NB "A_BST_NB" true true false 10 Double 0 10 ,First,#,D:\Buurtkaart\publicatie feb 2014\Buurt_2013\shape2013 versie1.0\gem_2013_v1zw.shp,A_BST_NB,-1,-1,D:\Buurtkaart\publicatie feb 2014\Buurt_2013\shape2013 versie1.0\gem_2013_v1water.shp,A_BST_NB,-1,-1;A_LFTJ6J "A_LFTJ6J" true true false 10 Double 0 10 ,First,#,D:\Buurtkaart\publicatie feb 2014\Buurt_2013\shape2013 versie1.0\gem_2013_v1zw.shp,A_LFTJ6J,-1,-1,D:\Buurtkaart\publicatie feb 2014\Buurt_2013\shape2013 versie1.0\gem_2013_v1water.shp,A_LFTJ6J,-1,-1;A_LFTO6J "A_LFTO6J" true true false 10 Double 0 10 ,First,#,D:\Buurtkaart\publicatie feb 2014\Buurt_2013\shape2013 versie1.0\gem_2013_v1zw.shp,A_LFTO6J,-1,-1,D:\Buurtkaart\publicatie feb 2014\Buurt_2013\shape2013 versie1.0\gem_2013_v1water.shp,A_LFTO6J,-1,-1;AF_ZIEK_I "AF_ZIEK_I" true true false 11 Double 1 10 ,First,#,D:\Buurtkaart\publicatie feb 2014\Buurt_2013\shape2013 versie1.0\gem_2013_v1zw.shp,AF_ZIEK_I,-1,-1,D:\Buurtkaart\publicatie feb 2014\Buurt_2013\shape2013 versie1.0\gem_2013_v1water.shp,AF_ZIEK_I,-1,-1;AV5_ZIEK_I "AV5_ZIEK_I" true true false 11 Double 1 10 ,First,#,D:\Buurtkaart\publicatie feb 2014\Buurt_2013\shape2013 versie1.0\gem_2013_v1zw.shp,AV5_ZIEK_I,-1,-1,D:\Buurtkaart\publicatie feb 2014\Buurt_2013\shape2013 versie1.0\gem_2013_v1water.shp,AV5_ZIEK_I,-1,-1;AV10ZIEK_I "AV10ZIEK_I" true true false 11 Double 1 10 ,First,#,D:\Buurtkaart\publicatie feb 2014\Buurt_2013\shape2013 versie1.0\gem_2013_v1zw.shp,AV10ZIEK_I,-1,-1,D:\Buurtkaart\publicatie feb 2014\Buurt_2013\shape2013 versie1.0\gem_2013_v1water.shp,AV10ZIEK_I,-1,-1;AV20ZIEK_I "AV20ZIEK_I" true true false 11 Double 1 10 ,First,#,D:\Buurtkaart\publicatie feb 2014\Buurt_2013\shape2013 versie1.0\gem_2013_v1zw.shp,AV20ZIEK_I,-1,-1,D:\Buurtkaart\publicatie feb 2014\Buurt_2013\shape2013 versie1.0\gem_2013_v1water.shp,AV20ZIEK_I,-1,-1;AF_ZIEK_E "AF_ZIEK_E" true true false 11 Double 1 10 ,First,#,D:\Buurtkaart\publicatie feb 2014\Buurt_2013\shape2013 versie1.0\gem_2013_v1zw.shp,AF_ZIEK_E,-1,-1,D:\Buurtkaart\publicatie feb 2014\Buurt_2013\shape2013 versie1.0\gem_2013_v1water.shp,AF_ZIEK_E,-1,-1;AV5_ZIEK_E "AV5_ZIEK_E" true true false 11 Double 1 10 ,First,#,D:\Buurtkaart\publicatie feb 2014\Buurt_2013\shape2013 versie1.0\gem_2013_v1zw.shp,AV5_ZIEK_E,-1,-1,D:\Buurtkaart\publicatie feb 2014\Buurt_2013\shape2013 versie1.0\gem_2013_v1water.shp,AV5_ZIEK_E,-1,-1;AV10ZIEK_E "AV10ZIEK_E" true true false 11 Double 1 10 ,First,#,D:\Buurtkaart\publicatie feb 2014\Buurt_2013\shape2013 versie1.0\gem_2013_v1zw.shp,AV10ZIEK_E,-1,-1,D:\Buurtkaart\publicatie feb 2014\Buurt_2013\shape2013 versie1.0\gem_2013_v1water.shp,AV10ZIEK_E,-1,-1;AV20ZIEK_E "AV20ZIEK_E" true true false 11 Double 1 10 ,First,#,D:\Buurtkaart\publicatie feb 2014\Buurt_2013\shape2013 versie1.0\gem_2013_v1zw.shp,AV20ZIEK_E,-1,-1,D:\Buurtkaart\publicatie feb 2014\Buurt_2013\shape2013 versie1.0\gem_2013_v1water.shp,AV20ZIEK_E,-1,-1;AF_KDV "AF_KDV" true true false 11 Double 1 10 ,First,#,D:\Buurtkaart\publicatie feb 2014\Buurt_2013\shape2013 versie1.0\gem_2013_v1zw.shp,AF_KDV,-1,-1,D:\Buurtkaart\publicatie feb 2014\Buurt_2013\shape2013 versie1.0\gem_2013_v1water.shp,AF_KDV,-1,-1;AV1_KDV "AV1_KDV" true true false 11 Double 1 10 ,First,#,D:\Buurtkaart\publicatie feb 2014\Buurt_2013\shape2013 versie1.0\gem_2013_v1zw.shp,AV1_KDV,-1,-1,D:\Buurtkaart\publicatie feb 2014\Buurt_2013\shape2013 versie1.0\gem_2013_v1water.shp,AV1_KDV,-1,-1;AV3_KDV "AV3_KDV" true true false 11 Double 1 10 ,First,#,D:\Buurtkaart\publicatie feb 2014\Buurt_2013\shape2013 versie1.0\gem_2013_v1zw.shp,AV3_KDV,-1,-1,D:\Buurtkaart\publicatie feb 2014\Buurt_2013\shape2013 versie1.0\gem_2013_v1water.shp,AV3_KDV,-1,-1;AV5_KDV "AV5_KDV" true true false 11 Double 1 10 ,First,#,D:\Buurtkaart\publicatie feb 2014\Buurt_2013\shape2013 versie1.0\gem_2013_v1zw.shp,AV5_KDV,-1,-1,D:\Buurtkaart\publicatie feb 2014\Buurt_2013\shape2013 versie1.0\gem_2013_v1water.shp,AV5_KDV,-1,-1;AF_BSO "AF_BSO" true true false 11 Double 1 10 ,First,#,D:\Buurtkaart\publicatie feb 2014\Buurt_2013\shape2013 versie1.0\gem_2013_v1zw.shp,AF_BSO,-1,-1,D:\Buurtkaart\publicatie feb 2014\Buurt_2013\shape2013 versie1.0\gem_2013_v1water.shp,AF_BSO,-1,-1;AV1_BSO "AV1_BSO" true true false 11 Double 1 10 ,First,#,D:\Buurtkaart\publicatie feb 2014\Buurt_2013\shape2013 versie1.0\gem_2013_v1zw.shp,AV1_BSO,-1,-1,D:\Buurtkaart\publicatie feb 2014\Buurt_2013\shape2013 versie1.0\gem_2013_v1water.shp,AV1_BSO,-1,-1;AV3_BSO "AV3_BSO" true true false 11 Double 1 10 ,First,#,D:\Buurtkaart\publicatie feb 2014\Buurt_2013\shape2013 versie1.0\gem_2013_v1zw.shp,AV3_BSO,-1,-1,D:\Buurtkaart\publicatie feb 2014\Buurt_2013\shape2013 versie1.0\gem_2013_v1water.shp,AV3_BSO,-1,-1;AV5_BSO "AV5_BSO" true true false 11 Double 1 10 ,First,#,D:\Buurtkaart\publicatie feb 2014\Buurt_2013\shape2013 versie1.0\gem_2013_v1zw.shp,AV5_BSO,-1,-1,D:\Buurtkaart\publicatie feb 2014\Buurt_2013\shape2013 versie1.0\gem_2013_v1water.shp,AV5_BSO,-1,-1;AF_OPRITH "AF_OPRITH" true true false 11 Double 1 10 ,First,#,D:\Buurtkaart\publicatie feb 2014\Buurt_2013\shape2013 versie1.0\gem_2013_v1zw.shp,AF_OPRITH,-1,-1,D:\Buurtkaart\publicatie feb 2014\Buurt_2013\shape2013 versie1.0\gem_2013_v1water.shp,AF_OPRITH,-1,-1;AF_TREINST "AF_TREINST" true true false 11 Double 1 10 ,First,#,D:\Buurtkaart\publicatie feb 2014\Buurt_2013\shape2013 versie1.0\gem_2013_v1zw.shp,AF_TREINST,-1,-1,D:\Buurtkaart\publicatie feb 2014\Buurt_2013\shape2013 versie1.0\gem_2013_v1water.shp,AF_TREINST,-1,-1;AF_OVERST "AF_OVERST" true true false 11 Double 1 10 ,First,#,D:\Buurtkaart\publicatie feb 2014\Buurt_2013\shape2013 versie1.0\gem_2013_v1zw.shp,AF_OVERST,-1,-1,D:\Buurtkaart\publicatie feb 2014\Buurt_2013\shape2013 versie1.0\gem_2013_v1water.shp,AF_OVERST,-1,-1;AF_BIBLIO "AF_BIBLIO" true true false 11 Double 1 10 ,First,#,D:\Buurtkaart\publicatie feb 2014\Buurt_2013\shape2013 versie1.0\gem_2013_v1zw.shp,AF_BIBLIO,-1,-1,D:\Buurtkaart\publicatie feb 2014\Buurt_2013\shape2013 versie1.0\gem_2013_v1water.shp,AF_BIBLIO,-1,-1;AF_IJSBAAN "AF_IJSBAAN" true true false 11 Double 1 10 ,First,#,D:\Buurtkaart\publicatie feb 2014\Buurt_2013\shape2013 versie1.0\gem_2013_v1zw.shp,AF_IJSBAAN,-1,-1,D:\Buurtkaart\publicatie feb 2014\Buurt_2013\shape2013 versie1.0\gem_2013_v1water.shp,AF_IJSBAAN,-1,-1;AF_BRANDW "AF_BRANDW" true true false 11 Double 1 10 ,First,#,D:\Buurtkaart\publicatie feb 2014\Buurt_2013\shape2013 versie1.0\gem_2013_v1zw.shp,AF_BRANDW,-1,-1,D:\Buurtkaart\publicatie feb 2014\Buurt_2013\shape2013 versie1.0\gem_2013_v1water.shp,AF_BRANDW,-1,-1;OPP_TOT "OPP_TOT" true true false 10 Double 0 10 ,First,#,D:\Buurtkaart\publicatie feb 2014\Buurt_2013\shape2013 versie1.0\gem_2013_v1zw.shp,OPP_TOT,-1,-1,D:\Buurtkaart\publicatie feb 2014\Buurt_2013\shape2013 versie1.0\gem_2013_v1water.shp,OPP_TOT,-1,-1;OPP_LAND "OPP_LAND" true true false 10 Double 0 10 ,First,#,D:\Buurtkaart\publicatie feb 2014\Buurt_2013\shape2013 versie1.0\gem_2013_v1zw.shp,OPP_LAND,-1,-1,D:\Buurtkaart\publicatie feb 2014\Buurt_2013\shape2013 versie1.0\gem_2013_v1water.shp,OPP_LAND,-1,-1;OPP_WATER "OPP_WATER" true true false 10 Double 0 10 ,First,#,D:\Buurtkaart\publicatie feb 2014\Buurt_2013\shape2013 versie1.0\gem_2013_v1zw.shp,OPP_WATER,-1,-1,D:\Buurtkaart\publicatie feb 2014\Buurt_2013\shape2013 versie1.0\gem_2013_v1water.shp,OPP_WATER,-1,-1"</Process></lineage></DataProperties><SyncDate>20140212</SyncDate><SyncTime>13333200</SyncTime><ModDate>20140212</ModDate><ModTime>13333200</ModTime></Esri><dataIdInfo><envirDesc Sync="TRUE">Microsoft Windows 7 Version 6.1 (Build 7601) Service Pack 1; Esri ArcGIS 10.1.1.3143</envirDesc><dataLang><languageCode value="nld" Sync="TRUE"></languageCode><countryCode value="NLD" Sync="TRUE"></countryCode></dataLang><idCitation><resTitle Sync="TRUE">gem_2013_v1</resTitle><presForm><PresFormCd value="005" Sync="TRUE"></PresFormCd></presForm></idCitation><spatRpType><SpatRepTypCd value="001" Sync="TRUE"></SpatRepTypCd></spatRpType></dataIdInfo><mdLang><languageCode value="nld" Sync="TRUE"></languageCode><countryCode value="NLD" Sync="TRUE"></countryCode></mdLang><mdChar><CharSetCd value="004" Sync="TRUE"></CharSetCd></mdChar><distInfo><distFormat><formatName Sync="TRUE">Shapefile</formatName></distFormat><distTranOps><transSize Sync="TRUE">0.000</transSize></distTranOps></distInfo><mdHrLv><ScopeCd value="005" Sync="TRUE"></ScopeCd></mdHrLv><mdHrLvName Sync="TRUE">dataset</mdHrLvName><spatRepInfo><VectSpatRep><geometObjs Name="gem_2013_v1"><geoObjTyp><GeoObjTypCd value="002" Sync="TRUE"></GeoObjTypCd></geoObjTyp><geoObjCnt Sync="TRUE">0</geoObjCnt></geometObjs><topLvl><TopoLevCd value="001" Sync="TRUE"></TopoLevCd></topLvl></VectSpatRep></spatRepInfo><spdoinfo><ptvctinf><esriterm Name="gem_2013_v1"><efeatyp Sync="TRUE">Simple</efeatyp><efeageom code="4" Sync="TRUE"></efeageom><esritopo Sync="TRUE">FALSE</esritopo><efeacnt Sync="TRUE">0</efeacnt><spindex Sync="TRUE">FALSE</spindex><linrefer Sync="TRUE">FALSE</linrefer></esriterm></ptvctinf></spdoinfo><eainfo><detailed Name="gem_2013_v1"><enttyp><enttypl Sync="TRUE">gem_2013_v1</enttypl><enttypt Sync="TRUE">Feature Class</enttypt><enttypc Sync="TRUE">0</enttypc></enttyp><attr><attrlabl Sync="TRUE">FID</attrlabl><attalias Sync="TRUE">FID</attalias><attrtype Sync="TRUE">OID</attrtype><attwidth Sync="TRUE">4</attwidth><atprecis Sync="TRUE">0</atprecis><attscale Sync="TRUE">0</attscale><attrdef Sync="TRUE">Internal feature number.</attrdef><attrdefs Sync="TRUE">Esri</attrdefs><attrdomv><udom Sync="TRUE">Sequential unique whole numbers that are automatically generated.</udom></attrdomv></attr><attr><attrlabl Sync="TRUE">Shape</attrlabl><attalias Sync="TRUE">Shape</attalias><attrtype Sync="TRUE">Geometry</attrtype><attwidth Sync="TRUE">0</attwidth><atprecis Sync="TRUE">0</atprecis><attscale Sync="TRUE">0</attscale><attrdef Sync="TRUE">Feature geometry.</attrdef><attrdefs Sync="TRUE">Esri</attrdefs><attrdomv><udom Sync="TRUE">Coordinates defining the features.</udom></attrdomv></attr><attr><attrlabl Sync="TRUE">GM_CODE</attrlabl><attalias Sync="TRUE">GM_CODE</attalias><attrtype Sync="TRUE">String</attrtype><attwidth Sync="TRUE">6</attwidth><atprecis Sync="TRUE">0</atprecis><attscale Sync="TRUE">0</attscale></attr><attr><attrlabl Sync="TRUE">GM_NAAM</attrlabl><attalias Sync="TRUE">GM_NAAM</attalias><attrtype Sync="TRUE">String</attrtype><attwidth Sync="TRUE">60</attwidth><atprecis Sync="TRUE">0</atprecis><attscale Sync="TRUE">0</attscale></attr><attr><attrlabl Sync="TRUE">WATER</attrlabl><attalias Sync="TRUE">WATER</attalias><attrtype Sync="TRUE">String</attrtype><attwidth Sync="TRUE">4</attwidth><atprecis Sync="TRUE">0</atprecis><attscale Sync="TRUE">0</attscale></attr><attr><attrlabl Sync="TRUE">AANT_INW</attrlabl><attalias Sync="TRUE">AANT_INW</attalias><attrtype Sync="TRUE">Double</attrtype><attwidth Sync="TRUE">10</attwidth><atprecis Sync="TRUE">10</atprecis><attscale Sync="TRUE">0</attscale></attr><attr><attrlabl Sync="TRUE">AANT_MAN</attrlabl><attalias Sync="TRUE">AANT_MAN</attalias><attrtype Sync="TRUE">Double</attrtype><attwidth Sync="TRUE">10</attwidth><atprecis Sync="TRUE">10</atprecis><attscale Sync="TRUE">0</attscale></attr><attr><attrlabl Sync="TRUE">AANT_VROUW</attrlabl><attalias Sync="TRUE">AANT_VROUW</attalias><attrtype Sync="TRUE">Double</attrtype><attwidth Sync="TRUE">10</attwidth><atprecis Sync="TRUE">10</atprecis><attscale Sync="TRUE">0</attscale></attr><attr><attrlabl Sync="TRUE">P_00_14_JR</attrlabl><attalias Sync="TRUE">P_00_14_JR</attalias><attrtype Sync="TRUE">Double</attrtype><attwidth Sync="TRUE">10</attwidth><atprecis Sync="TRUE">10</atprecis><attscale Sync="TRUE">0</attscale></attr><attr><attrlabl Sync="TRUE">P_15_24_JR</attrlabl><attalias Sync="TRUE">P_15_24_JR</attalias><attrtype Sync="TRUE">Double</attrtype><attwidth Sync="TRUE">10</attwidth><atprecis Sync="TRUE">10</atprecis><attscale Sync="TRUE">0</attscale></attr><attr><attrlabl Sync="TRUE">P_25_44_JR</attrlabl><attalias Sync="TRUE">P_25_44_JR</attalias><attrtype Sync="TRUE">Double</attrtype><attwidth Sync="TRUE">10</attwidth><atprecis Sync="TRUE">10</atprecis><attscale Sync="TRUE">0</attscale></attr><attr><attrlabl Sync="TRUE">P_45_64_JR</attrlabl><attalias Sync="TRUE">P_45_64_JR</attalias><attrtype Sync="TRUE">Double</attrtype><attwidth Sync="TRUE">10</attwidth><atprecis Sync="TRUE">10</atprecis><attscale Sync="TRUE">0</attscale></attr><attr><attrlabl Sync="TRUE">P_65_EO_JR</attrlabl><attalias Sync="TRUE">P_65_EO_JR</attalias><attrtype Sync="TRUE">Double</attrtype><attwidth Sync="TRUE">10</attwidth><atprecis Sync="TRUE">10</atprecis><attscale Sync="TRUE">0</attscale></attr><attr><attrlabl Sync="TRUE">P_ONGEHUWD</attrlabl><attalias Sync="TRUE">P_ONGEHUWD</attalias><attrtype Sync="TRUE">Double</attrtype><attwidth Sync="TRUE">10</attwidth><atprecis Sync="TRUE">10</atprecis><attscale Sync="TRUE">0</attscale></attr><attr><attrlabl Sync="TRUE">P_GEHUWD</attrlabl><attalias Sync="TRUE">P_GEHUWD</attalias><attrtype Sync="TRUE">Double</attrtype><attwidth Sync="TRUE">10</attwidth><atprecis Sync="TRUE">10</atprecis><attscale Sync="TRUE">0</attscale></attr><attr><attrlabl Sync="TRUE">P_GESCHEID</attrlabl><attalias Sync="TRUE">P_GESCHEID</attalias><attrtype Sync="TRUE">Double</attrtype><attwidth Sync="TRUE">10</attwidth><atprecis Sync="TRUE">10</atprecis><attscale Sync="TRUE">0</attscale></attr><attr><attrlabl Sync="TRUE">P_VERWEDUW</attrlabl><attalias Sync="TRUE">P_VERWEDUW</attalias><attrtype Sync="TRUE">Double</attrtype><attwidth Sync="TRUE">10</attwidth><atprecis Sync="TRUE">10</atprecis><attscale Sync="TRUE">0</attscale></attr><attr><attrlabl Sync="TRUE">BEV_DICHTH</attrlabl><attalias Sync="TRUE">BEV_DICHTH</attalias><attrtype Sync="TRUE">Double</attrtype><attwidth Sync="TRUE">10</attwidth><atprecis Sync="TRUE">10</atprecis><attscale Sync="TRUE">0</attscale></attr><attr><attrlabl Sync="TRUE">AANTAL_HH</attrlabl><attalias Sync="TRUE">AANTAL_HH</attalias><attrtype Sync="TRUE">Double</attrtype><attwidth Sync="TRUE">10</attwidth><atprecis Sync="TRUE">10</atprecis><attscale Sync="TRUE">0</attscale></attr><attr><attrlabl Sync="TRUE">P_EENP_HH</attrlabl><attalias Sync="TRUE">P_EENP_HH</attalias><attrtype Sync="TRUE">Double</attrtype><attwidth Sync="TRUE">10</attwidth><atprecis Sync="TRUE">10</atprecis><attscale Sync="TRUE">0</attscale></attr><attr><attrlabl Sync="TRUE">P_HH_Z_K</attrlabl><attalias Sync="TRUE">P_HH_Z_K</attalias><attrtype Sync="TRUE">Double</attrtype><attwidth Sync="TRUE">10</attwidth><atprecis Sync="TRUE">10</atprecis><attscale Sync="TRUE">0</attscale></attr><attr><attrlabl Sync="TRUE">P_HH_M_K</attrlabl><attalias Sync="TRUE">P_HH_M_K</attalias><attrtype Sync="TRUE">Double</attrtype><attwidth Sync="TRUE">10</attwidth><atprecis Sync="TRUE">10</atprecis><attscale Sync="TRUE">0</attscale></attr><attr><attrlabl Sync="TRUE">GEM_HH_GR</attrlabl><attalias Sync="TRUE">GEM_HH_GR</attalias><attrtype Sync="TRUE">Double</attrtype><attwidth Sync="TRUE">11</attwidth><atprecis Sync="TRUE">10</atprecis><attscale Sync="TRUE">1</attscale></attr><attr><attrlabl Sync="TRUE">P_WEST_AL</attrlabl><attalias Sync="TRUE">P_WEST_AL</attalias><attrtype Sync="TRUE">Double</attrtype><attwidth Sync="TRUE">10</attwidth><atprecis Sync="TRUE">10</atprecis><attscale Sync="TRUE">0</attscale></attr><attr><attrlabl Sync="TRUE">P_N_W_AL</attrlabl><attalias Sync="TRUE">P_N_W_AL</attalias><attrtype Sync="TRUE">Double</attrtype><attwidth Sync="TRUE">10</attwidth><atprecis Sync="TRUE">10</atprecis><attscale Sync="TRUE">0</attscale></attr><attr><attrlabl Sync="TRUE">P_MAROKKO</attrlabl><attalias Sync="TRUE">P_MAROKKO</attalias><attrtype Sync="TRUE">Double</attrtype><attwidth Sync="TRUE">10</attwidth><atprecis Sync="TRUE">10</atprecis><attscale Sync="TRUE">0</attscale></attr><attr><attrlabl Sync="TRUE">P_ANT_ARU</attrlabl><attalias Sync="TRUE">P_ANT_ARU</attalias><attrtype Sync="TRUE">Double</attrtype><attwidth Sync="TRUE">10</attwidth><atprecis Sync="TRUE">10</atprecis><attscale Sync="TRUE">0</attscale></attr><attr><attrlabl Sync="TRUE">P_SURINAM</attrlabl><attalias Sync="TRUE">P_SURINAM</attalias><attrtype Sync="TRUE">Double</attrtype><attwidth Sync="TRUE">10</attwidth><atprecis Sync="TRUE">10</atprecis><attscale Sync="TRUE">0</attscale></attr><attr><attrlabl Sync="TRUE">P_TURKIJE</attrlabl><attalias Sync="TRUE">P_TURKIJE</attalias><attrtype Sync="TRUE">Double</attrtype><attwidth Sync="TRUE">10</attwidth><atprecis Sync="TRUE">10</atprecis><attscale Sync="TRUE">0</attscale></attr><attr><attrlabl Sync="TRUE">P_OVER_NW</attrlabl><attalias Sync="TRUE">P_OVER_NW</attalias><attrtype Sync="TRUE">Double</attrtype><attwidth Sync="TRUE">10</attwidth><atprecis Sync="TRUE">10</atprecis><attscale Sync="TRUE">0</attscale></attr><attr><attrlabl Sync="TRUE">AUTO_TOT</attrlabl><attalias Sync="TRUE">AUTO_TOT</attalias><attrtype Sync="TRUE">Double</attrtype><attwidth Sync="TRUE">10</attwidth><atprecis Sync="TRUE">10</atprecis><attscale Sync="TRUE">0</attscale></attr><attr><attrlabl Sync="TRUE">AUTO_HH</attrlabl><attalias Sync="TRUE">AUTO_HH</attalias><attrtype Sync="TRUE">Double</attrtype><attwidth Sync="TRUE">11</attwidth><atprecis Sync="TRUE">10</atprecis><attscale Sync="TRUE">1</attscale></attr><attr><attrlabl Sync="TRUE">AUTO_LAND</attrlabl><attalias Sync="TRUE">AUTO_LAND</attalias><attrtype Sync="TRUE">Double</attrtype><attwidth Sync="TRUE">10</attwidth><atprecis Sync="TRUE">10</atprecis><attscale Sync="TRUE">0</attscale></attr><attr><attrlabl Sync="TRUE">BEDR_AUTO</attrlabl><attalias Sync="TRUE">BEDR_AUTO</attalias><attrtype Sync="TRUE">Double</attrtype><attwidth Sync="TRUE">10</attwidth><atprecis Sync="TRUE">10</atprecis><attscale Sync="TRUE">0</attscale></attr><attr><attrlabl Sync="TRUE">MOTOR_2W</attrlabl><attalias Sync="TRUE">MOTOR_2W</attalias><attrtype Sync="TRUE">Double</attrtype><attwidth Sync="TRUE">10</attwidth><atprecis Sync="TRUE">10</atprecis><attscale Sync="TRUE">0</attscale></attr><attr><attrlabl Sync="TRUE">A_BST_B</attrlabl><attalias Sync="TRUE">A_BST_B</attalias><attrtype Sync="TRUE">Double</attrtype><attwidth Sync="TRUE">10</attwidth><atprecis Sync="TRUE">10</atprecis><attscale Sync="TRUE">0</attscale></attr><attr><attrlabl Sync="TRUE">A_BST_NB</attrlabl><attalias Sync="TRUE">A_BST_NB</attalias><attrtype Sync="TRUE">Double</attrtype><attwidth Sync="TRUE">10</attwidth><atprecis Sync="TRUE">10</atprecis><attscale Sync="TRUE">0</attscale></attr><attr><attrlabl Sync="TRUE">A_LFTJ6J</attrlabl><attalias Sync="TRUE">A_LFTJ6J</attalias><attrtype Sync="TRUE">Double</attrtype><attwidth Sync="TRUE">10</attwidth><atprecis Sync="TRUE">10</atprecis><attscale Sync="TRUE">0</attscale></attr><attr><attrlabl Sync="TRUE">A_LFTO6J</attrlabl><attalias Sync="TRUE">A_LFTO6J</attalias><attrtype Sync="TRUE">Double</attrtype><attwidth Sync="TRUE">10</attwidth><atprecis Sync="TRUE">10</atprecis><attscale Sync="TRUE">0</attscale></attr><attr><attrlabl Sync="TRUE">AF_ZIEK_I</attrlabl><attalias Sync="TRUE">AF_ZIEK_I</attalias><attrtype Sync="TRUE">Double</attrtype><attwidth Sync="TRUE">11</attwidth><atprecis Sync="TRUE">10</atprecis><attscale Sync="TRUE">1</attscale></attr><attr><attrlabl Sync="TRUE">AV5_ZIEK_I</attrlabl><attalias Sync="TRUE">AV5_ZIEK_I</attalias><attrtype Sync="TRUE">Double</attrtype><attwidth Sync="TRUE">11</attwidth><atprecis Sync="TRUE">10</atprecis><attscale Sync="TRUE">1</attscale></attr><attr><attrlabl Sync="TRUE">AV10ZIEK_I</attrlabl><attalias Sync="TRUE">AV10ZIEK_I</attalias><attrtype Sync="TRUE">Double</attrtype><attwidth Sync="TRUE">11</attwidth><atprecis Sync="TRUE">10</atprecis><attscale Sync="TRUE">1</attscale></attr><attr><attrlabl Sync="TRUE">AV20ZIEK_I</attrlabl><attalias Sync="TRUE">AV20ZIEK_I</attalias><attrtype Sync="TRUE">Double</attrtype><attwidth Sync="TRUE">11</attwidth><atprecis Sync="TRUE">10</atprecis><attscale Sync="TRUE">1</attscale></attr><attr><attrlabl Sync="TRUE">AF_ZIEK_E</attrlabl><attalias Sync="TRUE">AF_ZIEK_E</attalias><attrtype Sync="TRUE">Double</attrtype><attwidth Sync="TRUE">11</attwidth><atprecis Sync="TRUE">10</atprecis><attscale Sync="TRUE">1</attscale></attr><attr><attrlabl Sync="TRUE">AV5_ZIEK_E</attrlabl><attalias Sync="TRUE">AV5_ZIEK_E</attalias><attrtype Sync="TRUE">Double</attrtype><attwidth Sync="TRUE">11</attwidth><atprecis Sync="TRUE">10</atprecis><attscale Sync="TRUE">1</attscale></attr><attr><attrlabl Sync="TRUE">AV10ZIEK_E</attrlabl><attalias Sync="TRUE">AV10ZIEK_E</attalias><attrtype Sync="TRUE">Double</attrtype><attwidth Sync="TRUE">11</attwidth><atprecis Sync="TRUE">10</atprecis><attscale Sync="TRUE">1</attscale></attr><attr><attrlabl Sync="TRUE">AV20ZIEK_E</attrlabl><attalias Sync="TRUE">AV20ZIEK_E</attalias><attrtype Sync="TRUE">Double</attrtype><attwidth Sync="TRUE">11</attwidth><atprecis Sync="TRUE">10</atprecis><attscale Sync="TRUE">1</attscale></attr><attr><attrlabl Sync="TRUE">AF_KDV</attrlabl><attalias Sync="TRUE">AF_KDV</attalias><attrtype Sync="TRUE">Double</attrtype><attwidth Sync="TRUE">11</attwidth><atprecis Sync="TRUE">10</atprecis><attscale Sync="TRUE">1</attscale></attr><attr><attrlabl Sync="TRUE">AV1_KDV</attrlabl><attalias Sync="TRUE">AV1_KDV</attalias><attrtype Sync="TRUE">Double</attrtype><attwidth Sync="TRUE">11</attwidth><atprecis Sync="TRUE">10</atprecis><attscale Sync="TRUE">1</attscale></attr><attr><attrlabl Sync="TRUE">AV3_KDV</attrlabl><attalias Sync="TRUE">AV3_KDV</attalias><attrtype Sync="TRUE">Double</attrtype><attwidth Sync="TRUE">11</attwidth><atprecis Sync="TRUE">10</atprecis><attscale Sync="TRUE">1</attscale></attr><attr><attrlabl Sync="TRUE">AV5_KDV</attrlabl><attalias Sync="TRUE">AV5_KDV</attalias><attrtype Sync="TRUE">Double</attrtype><attwidth Sync="TRUE">11</attwidth><atprecis Sync="TRUE">10</atprecis><attscale Sync="TRUE">1</attscale></attr><attr><attrlabl Sync="TRUE">AF_BSO</attrlabl><attalias Sync="TRUE">AF_BSO</attalias><attrtype Sync="TRUE">Double</attrtype><attwidth Sync="TRUE">11</attwidth><atprecis Sync="TRUE">10</atprecis><attscale Sync="TRUE">1</attscale></attr><attr><attrlabl Sync="TRUE">AV1_BSO</attrlabl><attalias Sync="TRUE">AV1_BSO</attalias><attrtype Sync="TRUE">Double</attrtype><attwidth Sync="TRUE">11</attwidth><atprecis Sync="TRUE">10</atprecis><attscale Sync="TRUE">1</attscale></attr><attr><attrlabl Sync="TRUE">AV3_BSO</attrlabl><attalias Sync="TRUE">AV3_BSO</attalias><attrtype Sync="TRUE">Double</attrtype><attwidth Sync="TRUE">11</attwidth><atprecis Sync="TRUE">10</atprecis><attscale Sync="TRUE">1</attscale></attr><attr><attrlabl Sync="TRUE">AV5_BSO</attrlabl><attalias Sync="TRUE">AV5_BSO</attalias><attrtype Sync="TRUE">Double</attrtype><attwidth Sync="TRUE">11</attwidth><atprecis Sync="TRUE">10</atprecis><attscale Sync="TRUE">1</attscale></attr><attr><attrlabl Sync="TRUE">AF_OPRITH</attrlabl><attalias Sync="TRUE">AF_OPRITH</attalias><attrtype Sync="TRUE">Double</attrtype><attwidth Sync="TRUE">11</attwidth><atprecis Sync="TRUE">10</atprecis><attscale Sync="TRUE">1</attscale></attr><attr><attrlabl Sync="TRUE">AF_TREINST</attrlabl><attalias Sync="TRUE">AF_TREINST</attalias><attrtype Sync="TRUE">Double</attrtype><attwidth Sync="TRUE">11</attwidth><atprecis Sync="TRUE">10</atprecis><attscale Sync="TRUE">1</attscale></attr><attr><attrlabl Sync="TRUE">AF_OVERST</attrlabl><attalias Sync="TRUE">AF_OVERST</attalias><attrtype Sync="TRUE">Double</attrtype><attwidth Sync="TRUE">11</attwidth><atprecis Sync="TRUE">10</atprecis><attscale Sync="TRUE">1</attscale></attr><attr><attrlabl Sync="TRUE">AF_BIBLIO</attrlabl><attalias Sync="TRUE">AF_BIBLIO</attalias><attrtype Sync="TRUE">Double</attrtype><attwidth Sync="TRUE">11</attwidth><atprecis Sync="TRUE">10</atprecis><attscale Sync="TRUE">1</attscale></attr><attr><attrlabl Sync="TRUE">AF_IJSBAAN</attrlabl><attalias Sync="TRUE">AF_IJSBAAN</attalias><attrtype Sync="TRUE">Double</attrtype><attwidth Sync="TRUE">11</attwidth><atprecis Sync="TRUE">10</atprecis><attscale Sync="TRUE">1</attscale></attr><attr><attrlabl Sync="TRUE">AF_BRANDW</attrlabl><attalias Sync="TRUE">AF_BRANDW</attalias><attrtype Sync="TRUE">Double</attrtype><attwidth Sync="TRUE">11</attwidth><atprecis Sync="TRUE">10</atprecis><attscale Sync="TRUE">1</attscale></attr><attr><attrlabl Sync="TRUE">OPP_TOT</attrlabl><attalias Sync="TRUE">OPP_TOT</attalias><attrtype Sync="TRUE">Double</attrtype><attwidth Sync="TRUE">10</attwidth><atprecis Sync="TRUE">10</atprecis><attscale Sync="TRUE">0</attscale></attr><attr><attrlabl Sync="TRUE">OPP_LAND</attrlabl><attalias Sync="TRUE">OPP_LAND</attalias><attrtype Sync="TRUE">Double</attrtype><attwidth Sync="TRUE">10</attwidth><atprecis Sync="TRUE">10</atprecis><attscale Sync="TRUE">0</attscale></attr><attr><attrlabl Sync="TRUE">OPP_WATER</attrlabl><attalias Sync="TRUE">OPP_WATER</attalias><attrtype Sync="TRUE">Double</attrtype><attwidth Sync="TRUE">10</attwidth><atprecis Sync="TRUE">10</atprecis><attscale Sync="TRUE">0</attscale></attr></detailed></eainfo><mdDateSt Sync="TRUE">20140212</mdDateSt></metadata>
